1,【学习贯彻十九大】翔安校区学生办召开学习贯彻十九大精神座谈会暨学习宣传工作布置会,2017-10-30,h
2,联合国人力资源外联项目厦门地区宣介活动在我校举办,2017-10-30,t
3,我校人类博物馆携手厦门一中聚焦“工匠精神”开展科普讲座,2017-10-30,t
4,【学习贯彻十九大】校党委集体研习党的十九大精神,2017-10-30,p
5,重阳共聚首  老寿星齐贺寿——厦门市老教授协会举办第11届“高寿同庆”茶话会,2017-10-29,:
6,“姚明集团”向学校捐赠三部通勤班车,2017-10-29,/
7,我校在英发布报告：今明两年中国经济结构不断优化,2017-10-28,/
8,重阳节走访慰问我校满百岁离退休老同志,2017-10-28,n
9,尼日利亚纳姆迪・阿齐克韦大学校长来访我校,2017-10-27,e
10,【十九大精神笔谈】学习贯彻党的十九大精神 扎实推进全面从严治党向纵深发展,2017-10-27,w
11,第八届“海峡两岸鱼类生理与养殖研讨会”在我校举行,2017-10-27,s
12,我校参加第十届中日大学校长论坛,2017-10-27,.
13,“机关干部论坛”解码“双一流”建设,2017-10-26,x
14,【学习贯彻十九大】校工会组织工会干部学习贯彻十九大精神,2017-10-26,m
15,教行合一的人类学教育工作者——记福建省优秀教师张先清教授,2017-10-26,u
16,【学习贯彻十九大】不忘合作初心  继续携手前进 ——我校召开党外人士学习贯彻十九大精神座谈会,2017-10-25,h
17,【学习贯彻十九大】各学院多种形式学习贯彻十九大精神,2017-10-25,t
18,强化教学管理有举措　提升教学质量见成效,2017-10-24,t
19,2017年全国高校仪器类专业教学研讨会在我校举办,2017-10-24,p
20,厦门大学庆祝党的十九大胜利召开书画摄影展拉开帷幕,2017-10-24,:
21,第六届中国大学生公共关系策划创业大赛总决赛暨颁奖典礼在我校举办 我校学子获金奖,2017-10-24,/
22,【学习贯彻十九大】青年教师代表学习贯彻十九大精神座谈会召开,2017-10-24,/
23,我校获教育部“蓝火计划”博士生工作团优秀组织单位称号,2017-10-24,n
24,我校师生参加首届陈嘉庚奖学金颁奖仪式,2017-10-24,e
25,航空航天学院举行“空天报国”主题报告会,2017-10-23,w
26,广西定向选调生招录宣讲会在我校举行,2017-10-23,s
27,刘祖国教授当选新一届亚洲干眼学会主席,2017-10-23,.
28,第九届国际研究生奖学金信息说明会（厦门站）在我校举办,2017-10-23,x
29,我校省社科研究基地考核评估会召开,2017-10-23,m
30,【学习贯彻十九大】党校组织入党积极分子学习 及时解读党的十九大精神,2017-10-23,u
31,我校马来西亚分校举办第一届“曦”中文诗歌朗诵比赛,2017-10-23,h
32,夏商集团领导代表金砖会晤保障项目组到后勤集团送锦旗表谢意,2017-10-23,t
33,【学习贯彻十九大】关工委学习贯彻十九大精神座谈会召开,2017-10-22,t
34,【学习贯彻十九大】离退休教职工学习贯彻党的十九大精神座谈会召开,2017-10-20,p
35,校领导率团赴港参加恒管全球人文先导计划暨研讨会,2017-10-20,:
36,校长张荣率团访问马来西亚,2017-10-20,/
37,学校召开国际奖学金生座谈会,2017-10-20,/
38,建院学子在中国城科会城市大数据专业委员会首届学生竞赛中荣获一等奖,2017-10-20,n
39,【学习贯彻十九大】机关党委学习贯彻十九大精神座谈会召开,2017-10-20,e
40,【学习贯彻十九大】党课带队教师集中学习十九大精神,2017-10-20,w
41,【学习贯彻十九大】党务工作者学习贯彻十九大精神座谈会召开,2017-10-20,s
42,“学习总书记回信精神 我为十九大添光彩”南强青春讲坛举行,2017-10-19,.
43,学校召开文科院长联席会,2017-10-19,x
44,【喜迎十九大】青年学生骨干开展“与信仰对话：青年的楷模，学习的榜样”《习近平的七年知青岁月》主题学习活动,2017-10-18,m
45,材料学院全国十强团队分享创新创业故事,2017-10-17,u
46,我校扶贫项目获评教育部“十大典型”,2017-10-17,h
47,国家外国专家局副局长尹成基一行来校调研,2017-10-17,t
48,【喜迎十九大】逐梦——厦门大学喜迎党的十九大主题文艺晚会举办,2017-10-17,t
49,美国麻省理工学院Yang Shao-Horn教授做客厦门大学南强学术讲座,2017-10-17,p
50,【喜迎十九大】学校开展安全大检查  为迎接十九大召开营造良好氛围,2017-10-17,:
51,校友吴新涛院士做客我校“大学新生•2017”讲坛暨凤凰花季校友讲坛,2017-10-17,/
52,【喜迎十九大】生命科学学院凝心聚力喜迎十九大盛会召开,2017-10-16,/
53,2017年孔子学院外方院长研修班在厦开班,2017-10-16,n
54,《海上丝绸之路精要外文文献汇刊》举行首发式,2017-10-16,e
55,外交部考录宣讲小组来校宣讲,2017-10-16,w
56,我校召开本学期学位与研究生教育工作会议,2017-10-16,s
57,全国人大代表重点督办建议专题座谈会在我校召开,2017-10-16,.
58,福建省教改项目名单公布 我校10个研究生项目获立项,2017-10-16,x
59,校广播电台节目获“第十六届全国高校广播宣传工作研讨会”多个奖项,2017-10-16,m
60,【喜迎十九大】在灿烂阳光下 砥砺前行——厦门大学喜迎党的十九大交响合唱音乐会举行,2017-10-15,u
61,IME“学术周”：出人才、聚心气,2017-10-13,h
62,我校智能车队在全国大学生智能汽车竞赛中获两项一等奖,2017-10-13,t
63,“机关干部论坛”聚焦中央八项规定精神,2017-10-13,t
64,我校专业学位联合培养示范基地和教学案例库建设项目累计获福建省646万元资助,2017-10-13,p
65,【喜迎十九大】外文学院党委开展“喜迎十九大•固定党日+”活动,2017-10-12,:
66,我校24项项目获福建省2017年大学生创新创业优秀项目立项资助,2017-10-12,/
67,厦门大学各地共建孔子学院举办“孔子学院日”暨中秋节庆祝活动,2017-10-11,/
68,人文学院美籍教授孔青山获福建省第十届“友谊奖”,2017-10-11,n
69,我校航模队再创佳绩,2017-10-11,e
70,校领导出访美国高校,2017-10-10,w
71,我校入选“高校教师考核评价改革示范校”,2017-10-10,s
72,【“两学一做”常态化制度化】走进鹭岛历史 感受沧桑巨变——教育研究院师生党员固定党日参观厦门特区纪念馆,2017-10-10,.
73,我校泰国皇太后大学孔子学院校友会正式成立,2017-10-09,x
74,【喜迎十九大】开展主题实践活动 喜迎十九大胜利召开,2017-10-08,m
75,多样新生启蒙 助力新生成长,2017-10-08,u
76,厦门大学2017年“我最喜爱的十位老师”颁奖典礼举行,2017-10-04,h
77,机关党委获全国高校干部网络培训工作“优秀组织单位”称号,2017-10-04,t
78,校长张荣会见美国客人,2017-10-03,t
79,志为祖国做栋梁 乐为祖国育栋梁 ——记福建省优秀教师彭栋梁教授,2017-10-03,p
80,【人才引进】“千人计划”青年人才武剑锋教授加盟我校,2017-10-02,:
81,附属心血管病医院荣获2016年福建省科学技术进步奖一等奖,2017-10-02,/
82,缅怀先烈 致敬英雄,2017-09-30,/
83, 学校召开退伍大学生座谈会学习习近平总书记给南开大学新入伍大学生重要回信精神,2017-09-30,n
84, 【喜迎十九大】学校部署检查国庆中秋期间校园管理  以良好面貌迎接党的十九大召开,2017-09-30,e
85,学校召开2017-2018学年第一学期本科教学工作会议,2017-09-29,w
86,省食品安全督查组到我校检查食品安全工作,2017-09-29,s
87,首届中国营商环境研究与实践高峰论坛在我校举行,2017-09-29,.
88,【军训点滴】火热军训　青春正当时,2017-09-28,x
89,学校召开2018年研究生招考工作会,2017-09-28,m
90,各地校友会举办中秋校友文化联欢活动,2017-09-28,u
91,我校创业学子向刘延东副总理作报告,2017-09-27,h
92,张荣校长与在陕校友座谈 ,2017-09-27,t
93,厦门大学2018年中国国际太阳能十项全能竞赛建筑主体落成仪式暨中法环境月启动仪式在我校举行,2017-09-27,t
94,【喜迎十九大】推动政治理论学习常态化长效化,2017-09-27,p
95,我校马克思主义学院参加四校联动首届“中国近现代史纲要”课程集体备课会,2017-09-27,:
96,我校在福建省高校大学生学习马克思主义理论“一‘马’当先”知识竞赛中获得佳绩,2017-09-27,/
97,【人才引进】校领导率团赴北美举办人才招聘会,2017-09-27,/
98,人文学院刘荣平编纂《全闽词》一书获2016年全国优秀古籍图书一等奖,2017-09-27,n
99,华为公司2018年应届生招聘宣讲会在我校举行,2017-09-26,e
100,【喜迎十九大】光明日报整版报道我校砥砺奋进的五年,2017-09-26,w
101,省委督查调研组来校调研创新型省份相关政策落实情况,2017-09-26,s
102,化学化工学院郑南峰教授超薄铜纳米片新研究成果发表在Science Advances,2017-09-25,.
103,我校进行2017级新生防诈骗教育,2017-09-25,x
104,学校慰问2017级新生军训承训部队官兵,2017-09-25,m
105,全面推进地方战略合作 助力福建生态文明建设,2017-09-24,u
106,林毅夫教授做客南强学术讲座,2017-09-24,h
107,160多名学者共聚我校研讨《资本论》的时代价值,2017-09-23,t
108,2017级新生军训拉练圆满结束,2017-09-22,t
109,山东大学校领导来访,2017-09-22,p
110,2017年全国高校建筑设计优秀教案和教学成果评展活动在我校成功举办,2017-09-22,:
111,【军训点滴】 疾风知劲草　历练出坚韧,2017-09-21,/
112,整装再出发——我校190名“小白鹭”志愿者继续服务“厦洽会”,2017-09-21,/
113,我校附属心血管病医院 获批全国首批“心血管病专科护理及技术培训示范基地”,2017-09-21,n
114,厦门大学对口支援青海民族大学2017年工作例会召开,2017-09-20,e
115,新西兰驻华大使麦康年来访,2017-09-20,w
116,我校专家受邀参加教育部科技委“一带一路”科技创新专题研讨战略圆桌会议,2017-09-20,s
117,校领导参加2017年“一带一路”亚洲孔子学院联席会议,2017-09-20,.
118,我校“电子与通信工程研究生培养创新基地”成功入选“全国工程专业学位研究生联合培养示范基地”,2017-09-20,x
119,我校荣登“国家名片”系列纪念封,2017-09-20,m
120,新学期伊始 　研究生教学秩序井然,2017-09-19,u
121,林伯强教授3篇文章再次入选ESI-Hot Papers,2017-09-19,h
122,紧扣“一带一路”脉搏  强化“四个正确认识”——我校马研班赴新加坡、马来西亚实践活动圆满完成,2017-09-18,t
123,张荣校长亲切看望深圳校友会、广东校友会代表,2017-09-18,t
124,我校外文学院法语系学子入选外交部2017年定向培养人选,2017-09-18,p
125,校领导应邀参加世界人文大会、访问波兰弗罗茨瓦夫大学,2017-09-18,:
126,国家自然科学基金委、福建省科技厅领导一行深入我校科研单位调研,2017-09-15,/
127,2017级本科生新生军训正式开始,2017-09-15,/
128,学校欢迎承训部队入驻,2017-09-15,n
129,海洋与地球学院高树基课题组在Nature Communications发表论文,2017-09-15,e
130,学校开展新学期安全卫生检查,2017-09-15,w
131,附属翔安医院执行院长张国君一行到深圳调研,2017-09-15,s
132,我校加入先进航空发动机2011协同创新中心,2017-09-15,.
133,公共卫生学院夏宁邵教授团队在《自然•通讯》发表研究成果,2017-09-14,x
134,我校学子再获中国大学生物理学术竞赛一等奖,2017-09-14,m
135,保卫处在迎新工作点抓获盗窃自行车嫌疑人,2017-09-14,u
136,我校10项教学成果荣获2017年福建省高等教育教学成果奖,2017-09-14,h
137,重走“红色之路”，传承革命精神——学校举办教工党支部书记培训班,2017-09-14,t
138,市总工会领导到我校开展教师节慰问活动,2017-09-13,t
139,《光明日报》刊文报道“四有好老师”潘懋元,2017-09-13,p
140,药学院与美国辛辛那提大学药学院签署联合培养项目协议,2017-09-13,:
141,我校参加“中日大学展暨论坛in Innovation Japan 2017”,2017-09-13,/
142,我校携手中国航发人才战略合作   人才输送助力航空强国梦,2017-09-13,/
143,第十三届学生运动会厦大健美操队员代表福建再获佳绩,2017-09-12,n
144,关于启动防御2017年第18号台风“泰利”Ⅳ级应急响应的通知,2017-09-12,e
145,学校召开校领导班子暑期务虚研讨会,2017-09-12,w
146,美国加州大学河滨分校来访并签署“国际化师资培养与储备计划”合作协议,2017-09-12,s
147,师生点赞新演武运动场,2017-09-12,.
148, 我校学子在“2017年全国大学生智能互联创新大赛”中再获一等奖,2017-09-12,x
149,学校基层党务干部赴古田瑞金接受革命传统教育,2017-09-12,m
150,我校高能量密度锂硫电池研究取得重要进展,2017-09-12,u
151,我校收到厦门会晤志愿服务保障工作指挥部感谢信,2017-09-11,h
152,2017“圆梦天使杯”国际空中机器人大赛（亚太赛区）厦门大学白鹭队获佳绩,2017-09-11,t
153,“迎接党的十九大，做好学生引路人”——厦门大学举行庆祝2017年教师节专场音乐会,2017-09-10,t
154,学校召开2017年教师节座谈会,2017-09-10,p
155,我校新闻传播学院与中国传媒大学国家传播创新研究中心共同主办2017中国传播论坛暨金砖国家传媒国际研讨会,2017-09-10,:
156,学校开展教师节慰问活动,2017-09-10,/
157,教育部陈宝生部长来校参加金砖国家领导人厦门会晤有关配套活动,2017-09-08,/
158,教育部副部长田学军来校调研,2017-09-08,n
159,厦大学子代表福建队获全国第十三届学生运动会武术比赛首金,2017-09-08,e
160,学校欢送2017年29名应征入伍学生,2017-09-08,w
161,【我和“金砖”有个约】青春共赴，“金厦”之约——我校厦门会晤志愿者“小白鹭”圆满完成任务,2017-09-08,s
162,厦门市领导慰问我校万惠霖院士,2017-09-08,.
163,【我和“金砖”有个约】贴上红丝带　加入“防艾”宣传——走进 “美好青春我做主”防艾抗艾主题作品展,2017-09-07,x
164,陈支平教授当选中国明史学会第八届理事会会长,2017-09-07,m
165,【我和“金砖”有个约】难忘建南“最美中国梦”——第二届联合国教科文组织女童和妇女教育奖颁奖仪式及文艺演出侧记,2017-09-06,u
166,【我和“金砖”有个约】央视新闻直播间：厦门走透透 “学”在厦门,2017-09-06,h
167,【我和“金砖”有个约】厦大艾滋病诊断试剂盒远销全球,2017-09-06,t
168,厦门大学官方微博荣获“2016-2017年度优秀高校官方微博”奖,2017-09-06,t
169,【我和“金砖”有个约】新华社：莱蒙托夫铜像见证厦门对俄人文交流不断加强,2017-09-06,p
170,【我和“金砖”有个约】央视新闻直播间：厦门大学 与金砖结缘  为金砖服务,2017-09-06,:
171,厦门大学平潭校友会正式成立,2017-09-06,/
172,校长张荣会见英国创意艺术大学校长,2017-09-06,/
173,人社部副部长张义珍来校调研,2017-09-06,n
174,校领导看望慰问我校金砖会晤志愿者和工作人员,2017-09-02,e
175,航空航天学院助力全球“一站式”航空维修基地建设,2017-08-31,w
176,中共厦门大学委员会关于巡视整改情况的通报,2017-08-30,s
177,我校学子获得首届全国大学生化工实验大赛特等奖,2017-08-25,.
178,【我和“金砖”有个约】央视“朝闻天下”：厦门百万志愿者迎八方来客,2017-08-24,x
179,【我和“金砖”有个约】最美志愿者郑一　最美青春“一一”道来,2017-08-24,m
180,【在实践路上】在实践中感受中国力量——我校“豫见荆楚”博士团赴鄂豫两省开展社会实践活动,2017-08-24,u
181,【我和“金砖”有个约】最美志愿者田雪杉　在奉献中感受快乐,2017-08-24,h
182,中国农业银行行长赵欢来访我校,2017-08-24,t
183,【我和“金砖”有个约】最美志愿者李柯影　在志愿服务中传递真诚和真情,2017-08-23,t
184,我校贵州校友会注册成立,2017-08-23,p
185,我校“四青”人才暑期研修班顺利举行,2017-08-23,:
186,【实践路上】重走革命长征路，助力伟大医学梦，感怀一世爱国情——医学院大医班“一学一做”实践队医路黔行,2017-08-23,/
187,【我和“金砖”有个约】我校贺东航、周颖刚教授应邀参加金砖国家治国理政研讨会,2017-08-21,/
188,【思政进行时】我校师生热议习近平总书记给第三届中国“互联网＋”大学生创新创业大赛“青年红色筑梦之旅”大学生的回信,2017-08-21,n
189,【实践路上】“自强思源”凤凰花实践队赴京津冀调研感受中国力量,2017-08-21,e
190,关于启动防御2017年第13号台风“天鸽”Ⅲ级应急响应的通知,2017-08-21,w
191,【我和“金砖”有个约】志愿者黄燕双:“我要向金砖嘉宾介绍厦大”,2017-08-21,s
192,关于启动防御台风Ⅳ级应急响应的通知,2017-08-20,.
193,2017年度国家自然科学基金评审结果揭晓,2017-08-18,x
194,我校召开石墨烯工程与产业研究院2017年学术年会,2017-08-18,m
195,【我和“金砖”有个约】厦大出版社策划选题迎金砖,2017-08-17,u
196,【“两学一做”常态化制度化】闪“硕”先锋行，共建促发展,2017-08-17,h
197,我校与台湾大学牵头发起的海峡两岸环境与生态联盟第二届年会在台北顺利召开,2017-08-15,t
198,【我和“金砖”有个约】我校教师开发海漂垃圾轨迹预测系统  保障厦门近岸海域生态环境质量,2017-08-14,t
199,【“两学一做”常态化制度化】外文学院2012级本科英专党支部：手望，守护每一个无声的希望,2017-08-14,p
200,我校学子在“2017中美青年创客大赛”总决赛中喜获佳绩,2017-08-14,:
201,【实践路上】我校“鹭梦井冈”实践队赴井冈山革命传统教育基地培训调研,2017-08-14,/
202,通 告,2017-08-12,/
203,教育厅督查组莅临我校检查指导安全排查整治工作,2017-08-11,n
204,【“两学一做”常态化制度化】管理学院学生党支部：体验式思想教育新模式——“学生党支部沙龙”,2017-08-11,e
205,【我和“金砖”有个约】后勤集团举行服务厦门会晤工作动员会议,2017-08-11,w
206,《国际经济法学刊》获国家级期刊号,2017-08-11,s
207,【思政进行时】我校“我的青春我的梦”主题征文活动共收到投稿作品1053篇,2017-08-10,.
208,【我和“金砖”有个约】一所学校与一座城：厦大为厦门凝智聚力 ,2017-08-10,x
209,【实践路上】软件学院“厦至泰宁”实践队赴泰宁开展暑期社会实践活动,2017-08-10,m
210,【我和“金砖”有个约】俄罗斯留学生安娜：中国是可以实现梦想的地方,2017-08-09,u
211,【实践路上】我校 “九江研究院博士团”实践队赴江西九江开展社会实践活动,2017-08-09,h
212,我校资产处被评为鼓浪屿申遗工作先进集体,2017-08-09,t
213,关于2017年8月9日校园交通管制的通告,2017-08-08,t
214,【实践路上】我校“一学一做”暑期社会实践团支书专项活动圆满完成,2017-08-08,p
215,【我和“金砖”有个约】提升安保水平  护航厦门会晤——保卫部（处）举办系列安全培训活动,2017-08-07,:
216,实验办举办实验室安全培训讲座,2017-08-04,/
217,【“两学一做”常态化制度化】追忆革命岁月，传承红色精神--党委党校举办第121期教工党支部书记学习班,2017-08-03,/
218,【实践路上】厦门大学博士生地方经济发展服务团“厦至永宁”实践队赴浙江开展实践活动,2017-08-03,n
219,我校学子在全国高校大学生金相大赛和材料综合技能大赛中再获佳绩,2017-08-02,e
220,【实践路上】“厦至井冈”实践队：让青春在实践中绽放光彩,2017-08-02,w
221,第四届台达杯高校自动化设计大赛厦大学子再获佳绩,2017-08-02,s
222,新闻传播学院邹振东教授为全国四级法院领导班子上媒介素养课,2017-08-02,.
223,【实践路上】厦至龙湖实践队：践行“一学一做” 助力我省生态文明试验区建设,2017-08-01,x
224,关于启动防暴雨洪水Ⅱ级应急响应的通知,2017-08-01,m
225,【实践路上】让信仰与青春同行——我校“青马工程”暑期实践活动圆满完成,2017-08-01,u
226,我校外文学子荣膺中华全国日语演讲比赛全国亚军,2017-08-01,h
227,厦门大学附属翔安医院发展规划研讨会召开,2017-07-31,t
228,关于防台风应急响应调整为Ⅳ级并维持防暴雨Ⅲ级应急响应的通知,2017-07-31,t
229,【实践路上】化学化工学院“厦至宁德”社会实践队赴宁德开展暑期社会实践活动,2017-07-31,p
230,关于调整防台风应急响应级别启动防御暴雨洪水Ⅲ级应急响应的通知,2017-07-30,:
231,关于启动防御2017年第9号台风“纳沙”Ⅱ级应急响应的通知,2017-07-30,/
232,校领导带队检查我校防台风防汛工作,2017-07-29,/
233,关于启动防御2017年第9号台风“纳沙”Ⅲ级应急响应的通知,2017-07-28,n
234,我校入选参加全国博士研究生教育综合改革试点工作,2017-07-28,e
235, 【“两学一做”常态化制度化】传承红色基因　锤炼坚强党性——厦门大学第123期基层党务工作者党性教育专题培训班举行,2017-07-28,w
236,2017第四届全国虚拟仪器大赛航院学子喜获佳绩,2017-07-28,s
237,【实践路上】思源五期“木棉树” 暑期社会实践正式启动,2017-07-28,.
238,关于启动防御2017年第9号台风“纳沙”Ⅳ级应急响应的通知,2017-07-27,x
239,【高招进行时】招录即将结束,2017-07-27,m
240,马来西亚分校中文系勇夺国际华语水平大赛一等奖,2017-07-27,u
241,厦门大学附属翔安医院首批医护工作者来校报到,2017-07-27,h
242,我校学生男子棒球队蝉联全国冠军 女子垒球队获全国季军,2017-07-27,t
243,【思政进行时】我校师生热议大型政论专题片《将改革进行到底》,2017-07-26,t
244,【高招进行时】招录接近尾声,2017-07-26,p
245,《美国化学会志》主编PeterJ.Stang院士做客南强学术讲座,2017-07-26,:
246,【实践路上】“喜迎十九大，青春建新功”——我校 “青马工程”实践团赴井冈山开展社会实践活动,2017-07-26,/
247,新闻传播学院邹振东教授获批一项重大项目,2017-07-25,/
248,名师设坛指导，“青椒”踊跃创新——厦门大学第五期青年骨干教师研修夏令营圆满落幕,2017-07-25,n
249,《科技日报》头版: “葡萄糖感受机制”或可治疗肥胖症,2017-07-25,e
250, 重走习总书记下乡路，学习时代楷模廖俊波——厦门大学第122期优秀青年骨干教师学习班举行,2017-07-24,w
251,教育部副部长杜占元深入我校科研单位调研,2017-07-24,s
252,学生工作会布置暑期学生工作,2017-07-24,.
253,我校厦门会晤志愿者首轮校内自主培训顺利结束,2017-07-24,x
254,公  告,2017-07-22,m
255,【思政进行时】医学院积极构建党团建设新模式,2017-07-21,u
256,学校召开第九届学位评定委员会第十四次会议,2017-07-20,h
257,药学院张晓坤教授与苏迎教授课题组发文Nature子刊,2017-07-20,t
258,【思政进行时】我校举行2017年暑期社会实践出征仪式,2017-07-20,t
259,【高招进行时】本一批已完成22个省市投档,2017-07-20,p
260,纪念《资本论》出版150周年——2017年马克思主义经济学暑期学校在我校开幕,2017-07-20,:
261,商务部俄语国家大学校长研修班赴闽考察团来访我校,2017-07-20,/
262, 【“两学一做”常态化制度化】“学党史、知党情、跟党走”党史知识竞赛举行,2017-07-19,/
263,【实践路上】延安精神，守望传播——新传“马新班”实践队赴延安调研,2017-07-18,n
264,2017孔子学院总部/国家汉办国家公派出国教师培训班在我校开班,2017-07-18,e
265,英国《卫报》发表长篇通讯介绍我校马来西亚分校,2017-07-18,w
266,【“两学一做”常态化制度化】垃圾分类　绿色先行——环境与生态学院党员在行动,2017-07-17,s
267,【高招进行时】招录进入“本一批”时间,2017-07-17,.
268,广东量子高科微生态医疗有限公司向我校捐赠,2017-07-17,x
269,我校2017年全国优秀大中学生夏令营开营,2017-07-17,m
270,【思政进行时】我校数学科学学院思政教育基地进世遗  ,2017-07-17,u
271,2017年青少年高校科学营厦门大学分营开营,2017-07-17,h
272,【思政进行时】厦门大学工会举办第26期干部理论学习班,2017-07-17,t
273,第四届全国青年能源环境政策与管理学术会议在我校召开,2017-07-17,t
274,【高招进行时】校招委员会委员现场观摩我校2017年普高招生网上录取工作,2017-07-16,p
275,翔安校区管委会检查布置校区后勤工作,2017-07-16,:
276,【高招进行时】本一批录取工作开启,2017-07-14,/
277,厦门大学召开2017年关工委全体会议,2017-07-14,/
278,【实践路上】景润青年与景润少年的约定​ ——记数学科学学院景润青年云南暑期实践队,2017-07-13,n
279,国家优化营商环境调研组一行来校交流,2017-07-13,e
280,【思政进行时】《中国教育报》理论版刊发我校党委学生工作部理论文章,2017-07-13,w
281,厦门大学第二十七次研究生代表大会胜利召开,2017-07-13,s
282,厦门大学第四十八次学生代表大会胜利召开,2017-07-13,.
283,校领导率团赴马来西亚分校调研,2017-07-12,x
284,【高招进行时】第一批本科新生录取通知书寄出,2017-07-12,m
285,副市长国桂荣来校考察访客中心及演武运动场改造项目建设,2017-07-12,u
286,孔院中方院长亲历鼓浪屿申遗成功,2017-07-12,h
287,【两学一做常态化制度化】资产处在职教工支部：学得用心 做得实在,2017-07-12,t
288,【聚焦厦门会晤】2017年“看中国”（福建行）金砖五国同学作品展映圆满举行,2017-07-12,t
289,“九龙总商会新纪元精英培训计划2017”在我校开营,2017-07-11,p
290,【高招进行时】提前批录取正紧张进行,2017-07-10,:
291,【实践路上】托起梦想，用爱助航——教育研究院“榕树厦”实践队开展助学支教和调研活动,2017-07-10,/
292,《中国教育报》头版刊发《厦大：上好思政“实践”课》通讯,2017-07-10,/
293,【高招进行时】我校普高招生工作全面展开,2017-07-10,n
294,法学院教授陈安担任“瞭望智库专家库”首批入驻专家,2017-07-10,e
295,党委宣传部新闻中心两部作品获中国高校电视奖一等奖,2017-07-10,w
296,推进“一带一路”建设工作领导小组办公室来校调研交流,2017-07-07,s
297,立德树人，保证人才培养质量——研究生院举办研究生导师培训系列讲座,2017-07-07,.
298, 【实践路上】“经世济邦•厦火燎原”—— 2017年港澳台学生暑期国情考察夏令营实践队走进闽赣革命老区,2017-07-06,x
299,【思政进行时】我校辅导员获第九届全国高校辅导员年度人物提名奖,2017-07-06,m
300,新西兰惠灵顿维多利亚大学代表团访校,2017-07-06,u
301,我校2017年博士研究生录取通知书已经寄出,2017-07-05,h
302,我校第三届 “互联网+”大学生创新创业大赛决赛成功举办,2017-07-04,t
303,关于开展“最美中国人”各族群众笑脸照片征集活动的通知,2017-07-04,t
304,【思政进行时】在国际化校园中提升“文化自信”,2017-07-03,p
305,第二届中国-欧洲国际海洋法研讨会在我校成功举行,2017-07-03,:
306,【天南地北厦大人】“博士村官”孙涛：两年扶贫路 拳拳驻村情,2017-07-03,/
307,学校召开“两学一做”学习教育常态化制度化经验交流暨党支部工作“立项活动”优秀成果表彰会,2017-07-02,/
308,学校举行“七一”升国旗和新党员入党宣誓仪式,2017-07-01,n
309,“庆祝香港回归20周年 我的内地求学故事”征文活动厦门大学获奖作品展示,2017-06-30,e
310,逐梦福娃　快乐起航——厦大幼儿园举办2017届毕业典礼,2017-06-30,w
311,校领导“七一”走访慰问老党员,2017-06-30,s
312, 习近平主持中央政治局会议　审议《关于巡视31所中管高校党委情况的专题报告》,2017-06-29,.
313,厦门市陈嘉庚奖学金工作领导小组来访我校,2017-06-29,x
314,第十三届海峡两岸大学生闽南文化研习夏令营开幕,2017-06-29,m
315,我校“好家风好家训”书画展开展,2017-06-28,u
316,【思政进行时】我校辅导员获第六届全国高校辅导员职业能力大赛决赛三等奖,2017-06-28,h
317,我校参与的联合国教科文组织教育规划所项目研究报告正式出版,2017-06-28,t
318,我校高招电话咨询服务火热进行中,2017-06-27,t
319,附属中山医院庄佩耘教授参加第46届国际嗓音学会年会,2017-06-27,p
320,【思政进行时】信息科学与技术学院：把研究生思政教育的“盐”溶进学术文化的“汤”,2017-06-27,:
321,校长朱崇实参观JF12高超声速激波风洞,2017-06-27,/
322,【“两学一做”常态化制度化】“政治生日”忆初心 “两学一做”争先锋,2017-06-27,/
323,医学院王海滨教授获国家重点研发计划资助,2017-06-27,n
324,全国大学生网络文化节在我校开展巡讲活动,2017-06-27,e
325,财政学科建设与发展暨庆祝邓子基资深教授从教70周年座谈会圆满举行,2017-06-27,w
326,第七届化学的创新与发展论坛暨田昭武院士90华诞庆祝活动在我校举行,2017-06-26,s
327,我校成功主办“2017中美青年创客大赛厦门区选拔赛”,2017-06-26,.
328,我校举行“院士回母校”报告会,2017-06-26,x
329,2017自贸区与“一带一路”高端论坛在我校举行,2017-06-26,m
330,我校与巨如集团签约合作“医疗大数据与高性能计算”,2017-06-23,u
331,【“两学一做”常态化制度化】颂恩楼“四点半小课堂”开课啦,2017-06-23,h
332,《光明日报》刊发《多方考虑综合权衡，选择理想的大学》专访,2017-06-22,t
333, 【思政进行时】校园合唱节　在青年学生中唱响社会主义核心价值观主旋律,2017-06-22,t
334, 牛津大学召开2017中英高等教育校长圆桌会议,2017-06-22,p
335,我校2017年第一次招生委员会召开,2017-06-22,:
336,校长朱崇实会见中国国民党中央评议委员会主席团主席赵守博,2017-06-22,/
337,徐羽灿：从校史馆到基层 换个地方“为人民服务”,2017-06-22,/
338,著作权法视野下的学术规范问题——厦门大学导师培训系列讲座第四讲,2017-06-22,n
339,“全国女大学生就业创业与职业发展”研讨会在我校举行,2017-06-21,e
340,第十五届中国•海峡项目成果交易会“新烯望、新产业、新动能”石墨烯产业展及高峰论坛圆满落幕,2017-06-21,w
341,2017年“6.16”安全生产宣传咨询日活动举行,2017-06-21,s
342,关于芙蓉餐厅停业改造的公告,2017-06-20,.
343,导师在学生心理成长中的作用——厦门大学导师培训系列讲座第三讲,2017-06-19,x
344,2017年“海峡两岸环境与生态研讨会”在我校召开,2017-06-19,m
345,【思政进行时】人文学院立“根”筑“魂”  传承弘扬中华优秀传统文化,2017-06-17,u
346,福建师范大学领导来访我校,2017-06-17,h
347,嘉庚学院积极推进与龙海市校地合作,2017-06-16,t
348,学生工作会布置期末及暑期工作,2017-06-16,t
349,我校2017年硕士研究生录取通知书全部寄出,2017-06-16,p
350,我校召开2017年高招咨询动员培训会,2017-06-16,:
351,学校召开第九届学位评定委员会第十三次会议,2017-06-16,/
352,厦门大学社科普及走进曾厝垵系列活动持续推进,2017-06-16,/
353,毛基业教授做客南强学术讲座,2017-06-15,n
354,第十期“机关干部论坛”聚焦厦大马来西亚分校,2017-06-15,e
355,66名学生赴世界百强大学深造  我校中外合作项目2017年再创佳绩,2017-06-15,w
356,欢乐上弦场 幸福厦大人,2017-06-15,s
357,陈洪铎院士、翟明教授到厦门大学附属翔安医院指导工作,2017-06-15,.
358,机关党委召开学习廖俊波同志先进事迹座谈会,2017-06-15,x
359,【思政进行时】经济学院、王亚南经济研究院“网络育人”大放异彩,2017-06-15,m
360,【“两学一做”常态化制度化】学校召开座谈会学习黄大年同志先进事迹,2017-06-14,u
361,【健康厦大】动起来　告别亚健康——我校教职工文体协会（社团）扫描之二,2017-06-14,h
362,我校举行2017年赴西部、基层、国家重要行业就业毕业生出征仪式,2017-06-14,t
363,学校召开2017届毕业生代表廉洁教育座谈会,2017-06-13,t
364,校党委组织开展部分学院新一届行政领导班子任前集体谈话,2017-06-13,p
365,【“两学一做”常态化制度化】校长朱崇实参加法学院教工党支部“两学一做”学习教育常态化制度化第一专题学习研讨会,2017-06-13,:
366,关于启动防御2017年第2号台风“苗柏”Ⅳ级应急响应的通知,2017-06-12,/
367,【思政进行时】“自强思源”计划二期学员结业典礼暨五期学员开班仪式举行,2017-06-12,/
368,校长朱崇实会见陈洪铎院士,2017-06-12,n
369,《中国教育报》头版刊发《厦大“出海”记——走访中国第一所建海外分校的大学》通讯,2017-06-12,e
370,【思政进行时】翔安校区学生办开展第二期学生思想政治工作沙龙,2017-06-12,w
371,城乡规划专业本科教育评估顺利通过“国检”,2017-06-12,s
372,我校2017年“校园开放日”活动火热举行,2017-06-12,.
373,【健康厦大】动起来　告别亚健康——我校教职工文体协会（社团）扫描之一,2017-06-12,x
374,福建省微纳制造工程技术研究中心召开会议并举行第一届学术委员会会议,2017-06-09,m
375,校领导带队访问泉州,2017-06-09,u
376,环境与生态学院与厦门海澳集团有限公司签署战略合作协议并举行学院大楼命名揭牌仪式,2017-06-09,h
377,我校召开2017届年级联络员代表座谈会,2017-06-09,t
378,【思政进行时】公共卫生学院举行师风学风表彰大会,2017-06-08,t
379,我校三位老师入选第十四届福建青年科技奖,2017-06-08,p
380,【“两学一做”常态化制度化】赖虹凯副书记作“两学一做” 学习教育常态化制度化专题党课,2017-06-07,:
381,学校布置2017年新增博士硕士学位授权点申报工作,2017-06-07,/
382,【思政进行时】校团委举行学习贯彻全国高校共青团思想政治工作会议精神座谈会,2017-06-07,/
383, 毕业季　致青春——厦大学生创意毕业影像作品走红网络,2017-06-07,n
384,校领导会见宁波诺丁汉大学来宾,2017-06-07,e
385,【思政进行时】建筑与土木工程学院探索科创育人“1+2+3”模式,2017-06-07,w
386,航空航天学院学子荣获2017RoboCup机器人世界杯2D仿真组季军,2017-06-07,s
387,我校Naser El Sheimy教授入选“千人计划”外专长期项目,2017-06-07,.
388,“我爱你，再见”毕业摄影展开幕,2017-06-07,x
389,我校在第二届中国（福建）女大学生创新创业大赛中荣获佳绩,2017-06-07,m
390,【思政进行时】航空航天学院 聚焦行业　航空报国,2017-06-06,u
391,2017“中文有戏”演出季圆满落幕,2017-06-06,h
392,幼儿园庆祝六一　福娃玩转小社团  ,2017-06-05,t
393,人民日报：土耳其，汉语课开进总理府,2017-06-05,t
394,教育部口腔医学专业教学指导委员会专家组来校考察,2017-06-05,p
395,【思政进行时】首届“马克思主义能给予我们什么”主题微演讲竞赛落下帷幕,2017-06-05,:
396,2017年海峡两岸外国语言文学研究高端论坛在厦门大学举办,2017-06-05,/
397,第四届两岸大学生影像联展暨凤凰花季毕业影展开幕,2017-06-05,/
398,对口支援贵师大10周年回访演出在我校举行,2017-06-05,n
399,【思政进行时】新闻传播学院首期学生“马克思主义新闻观理论研修班”开班,2017-06-02,e
400,全国高等教育重点研究机构座谈会在我校召开,2017-06-02,w
401,环境与生态学院积极推进与市环保局园林局战略合作,2017-06-01,s
402,“恢复高考40周年暨高考改革学术研讨会”成功举办,2017-06-01,.
403,国际与会代表深入研讨金砖国家与“一带一路”教育合作共识,2017-06-01,x
404,【思政进行时】一直走在育人路上的“法学青椒”,2017-06-01,m
405,林伯强教授最新发表的两篇文章再次入选ESI-Hot Papers,2017-06-01,u
406,厦门大学分子影像暨转化医学研究中心团队在《自然-通讯》发表研究成果,2017-05-31,h
407,“学霸宿舍是怎样炼成的”宿舍学风建设风采展示会顺利举行,2017-05-31,t
408,职工夜校第五期培训班暨后勤集团中层管理骨干综合素质提升班顺利开班,2017-05-31,t
409,我家团课这样上,2017-05-31,p
410,校学生龙舟女队金门龙舟赛夺冠,2017-05-31,:
411,朱崇实校长赴继续教育学院考察指导工作,2017-05-31,/
412,“海丝”国家华裔学子报考我校可申请“陈嘉庚奖学金”,2017-05-31,/
413,校保卫处“平安南强”微信公众号安全宣传活动成功举办,2017-05-30,n
414,【思政进行时】软件学院加强党建带团建　将立德树人作为大学生思政教育的根本任务,2017-05-27,e
415,“人人出份力，当好东道主”活动正式启动,2017-05-27,w
416,我校开展国际学历生专题调研 助力学校“双一流”建设,2017-05-27,s
417,校关工委组织“六一”慰问活动 ,2017-05-27,.
418,校党委书记张彦考察调研对口支援西藏民族大学工作,2017-05-27,x
419,积极推进垃圾分类，厦大学子在行动,2017-05-27,m
420,【思政进行时】我校新教职工革命传统教育学习班圆满结束,2017-05-26,u
421,中国残联副主席吕世明访校,2017-05-26,h
422,校领导带队访问世界卫生组织总部,2017-05-26,t
423, 上海大学校领导来我校调研,2017-05-26,t
424,厦门市领导来校调研文明创建工作,2017-05-25,p
425,我校原创话剧《哥德巴赫猜想》在重庆首演,2017-05-25,:
426,厦门大学“V5我家团支部”风采展成功举办,2017-05-25,/
427,各学院团组织广泛开展重温入团誓词活动,2017-05-25,/
428,我校多相催化原位拉曼光谱研究取得重要进展,2017-05-25,n
429,党委党校学习班举办讲座　解读十八届六中全会精神,2017-05-25,e
430,纪念陈景润先生诞辰84周年“7681猜想”对话会成功举行,2017-05-25,w
431,校领导出席非洲孔子学院联席会议并顺访尼日利亚纳姆迪•阿齐克韦大学,2017-05-25,s
432,我校优秀毕业生徐飞获共青团中央“全国向上向善好青年”荣誉称号,2017-05-24,.
433,【思政进行时】传播网络正能量  争做校园好网民 ——学校举办第三届网络文化节开幕式暨“i厦大”APP2.0版本发布会,2017-05-24,x
434,首届学习马克思主义理论“一‘马’当先”知识竞赛落下帷幕,2017-05-24,m
435,校第六届环保知识竞赛决赛圆满结束,2017-05-24,u
436,《人民日报海外版》刊发《穿越百年的中马教育回响——厦门大学马来西亚分校的办学故事》通讯,2017-05-24,h
437,材料学院科技文化节顺利闭幕,2017-05-24,t
438,基于单分子电学测量的反应动力学表征技术研究进展发表于《自然—通讯》,2017-05-23,t
439,国台办副主任郑栅洁来校调研,2017-05-23,p
440,2017“凤凰花”论坛暨厦门大学金融EMBA发布仪式成功举办,2017-05-23,:
441,2017年中国政府海洋奖学金评选会在我校召开,2017-05-23,/
442, 我校2018年本校研究生招生宣讲会圆满举行,2017-05-23,/
443,【思政进行时】校党委副书记赖虹凯走进思政课堂讲授“全面从严治党永远在路上 扎实推进高校党风廉政建设工作”,2017-05-23,n
444,海内外学者畅谈“一带一路”文教融合与人才培养,2017-05-23,e
445, “与信仰对话”——央视著名主持人陈伟鸿做客厦大开讲《我和春天有个约会》,2017-05-22,w
446,教育部2017年“平安留学”出国留学行前培训会在我校成功举办,2017-05-22,s
447, 法学院与最高人民法院第三巡回法庭签署合作协议,2017-05-22,.
448,中央媒体集中报道  我校马来西亚分校备受关注,2017-05-22,x
449, 我校计算机科学学科首次跻身ESI全球前1%,2017-05-22,m
450,第二届福建省大学生智能汽车竞赛在我校举行,2017-05-21,u
451,福建省高校职工之家建设观摩活动在我校举行,2017-05-19,h
452,我校7名博士后入选2017年度“博士后创新人才支持计划”,2017-05-19,t
453,基层党委、党总支扎实推进“两学一做”学习教育常态化制度化,2017-05-19,t
454,西藏民族大学领导来访我校,2017-05-19,p
455,“共和国的脊梁——科学大师名校宣传工程”汇演活动启动　我校《哥德巴赫猜想》25日亮相重庆,2017-05-19,:
456,【思政进行时】嘉庚学院坚持教育者先受教育  持续开展党员“读书班”,2017-05-19,/
457,2017厦门围棋与人工智能大会在翔安校区开幕,2017-05-19,/
458,校工会举办第二届教职工银婚纪念活动,2017-05-19,n
459,2017中文有戏演出季开幕 《金龙》首场亮相,2017-05-19,e
460,“迎接十九大，教育看变化•福建行”中央新闻媒体采访团来校集中采访,2017-05-18,w
461,校长朱崇实出席“一带一路”国际合作高峰论坛,2017-05-18,s
462,学校组织开展应急疏散演练,2017-05-18,.
463,泰国华人与中泰关系国际学术研讨会成功举办,2017-05-18,x
464,校友曹文炼做客党校名家讲坛谈“一带一路”建设,2017-05-18,m
465,我校海洋科学博士后李大伟在地学领域顶级期刊Geology发表文章,2017-05-17,u
466,第三十二届校园十大歌手赛成功举办,2017-05-17,h
467,高雅艺术南音专场“清曲雅乐”走进我校,2017-05-17,t
468,首届东亚宏观经济论坛在哈根大学举行,2017-05-17,t
469,2017年福建省中学生英才计划工作座谈会在我校召开,2017-05-17,p
470,厦大学子在福建省第十届大学生结构设计竞赛中勇夺第一,2017-05-17,:
471,法学院青年教职工协会获2017年福建省“五一先锋号”称号,2017-05-17,/
472,【思政进行时】副校长韩家淮走进思政课堂讲授“科研创新与诚信”,2017-05-16,/
473,叶建明教授合作研究成果在《中国社会科学》发表,2017-05-16,n
474,【思政进行时】博导培训系列讲座谈如何做好博士生思想政治教育工作,2017-05-16,e
475,刘海峰教授主编“高考改革研究丛书”正式出版,2017-05-16,w
476,我校召开2017年五四表彰大会,2017-05-15,s
477,我校25名博士后获得第61批中国博士后科学基金资助,2017-05-15,.
478,【思政进行时】翔安校区举办学生思想政治工作沙龙,2017-05-15,x
479,【思政进行时】新闻传播学院开设第一期学生“马克思主义新闻观理论研修班”,2017-05-15,m
480,我校8人入选第十三批“千人计划”青年项目,2017-05-15,u
481, 机关文化大讲堂聚焦金砖国家、“一带一路”和新全球化,2017-05-12,h
482,【思政进行时】副校长詹心丽进思政课堂讲授“大学人文精神与载体”,2017-05-12,t
483,中国科协调研宣传部副部长王挺携中央媒体一行到我校调研采访,2017-05-12,t
484,航空航天学院应邀见证C919大型客机首飞,2017-05-12,p
485,【思政进行时】学校召开深入学习贯彻习近平总书记考察中国政法大学重要讲话精神联合研讨会,2017-05-12,:
486,校领导到体育教学部调研并看望校男篮,2017-05-11,/
487,2017孔子学院总部/国家汉办赴非洲国家汉语教师孔子学院志愿者岗前培训正式开班,2017-05-11,/
488,校领导参加李成义先生逝世周年纪念活动并考察马来西亚分校建设,2017-05-11,n
489,【思政进行时】张彦书记走进思政课堂畅谈理想信念,2017-05-10,e
490,世界银行校友返校  助力学校国际组织人才培养推送,2017-05-10,w
491,校第九届“联合信实杯”模拟法庭辩论赛圆满落幕,2017-05-10,s
492,瓯江畔•厦大情——厦门大学温州校友会三十周年庆典暨换届活动圆满举行,2017-05-10,.
493,校第四届实验室风采大赛圆满落幕,2017-05-10,x
494,龙海市市委书记郑隆松一行到访我校漳州校区,2017-05-09,m
495,第七届全国大学生电子商务“创新、创意及创业”挑战赛厦门大学选拔赛圆满落幕,2017-05-09,u
496,厦大共青团开展纪念五四运动98周年暨建团95周年系列活动,2017-05-09,h
497,【思政进行时】公共事务学院聚焦学生党支部书记、支委培训,2017-05-09,t
498,《光明日报》刊发《厦门大学“问题导向式专题教学”  思政课让学生上得过瘾》通讯,2017-05-09,t
499,周大旺教授团队在《Cancer Cell》上揭示肝癌发生的重要机理,2017-05-09,p
500,深圳—厦门大学海归创新创业经验分享会举办,2017-05-09,:
501,“孝敬父母•走进厦门大学”刘一祯公益演唱会唱响建南大会堂,2017-05-08,/
502,关于5月10日防空疏散演习交通管制的通告,2017-05-08,/
503,厦门市副市长李辉跃来校调研能源与石墨烯创新平台建设情况,2017-05-08,n
504,校领导出席哈佛2017中国教育论坛,2017-05-08,e
505,学校召开“五四”青年节师生座谈会,2017-05-05,w
506,【思政进行时】我校师生热议习近平总书记考察中国政法大学重要讲话,2017-05-05,s
507,第七届视觉与学习青年学者研讨会（VALSE2017）在我校成功举办,2017-05-05,.
508,第十三届“挑战杯”福建省大学生课外学术科技作品竞赛复赛在我校举办,2017-05-05,x
509,【思政进行时】学校召开专门会议传达学习中央关于加快构建中国特色哲学社会科学最新文件精神,2017-05-05,m
510,我校获共青团“青年之声”建设工作典型通报表扬,2017-05-04,u
511,【思政进行时】副校长邬大光进思政课堂讲授“陈嘉庚与大学精神”,2017-05-04,h
512,颂恩楼教职工健身中心揭牌启用,2017-05-04,t
513,厦门大学第五届建筑文化节圆满落幕,2017-05-04,t
514,厦门大学2017年知识产权宣传周系列活动圆满落幕,2017-05-03,p
515, 我校5项目获评福建省委教育工委高校党支部工作“立项活动”优秀成果,2017-05-03,:
516,厦门大学第九届“我是外交官”外交风采大赛圆满落幕,2017-05-03,/
517,2017年厦大博士研究生以第一作者发表国际高水平论文已达7篇,2017-05-02,/
518,【思政进行时】化学化工学院举办“教授Office Time”活动,2017-05-02,n
519,高端装备制造业技术对接会（厦门）专场在我校举行,2017-05-02,e
520,纳姆迪·阿齐克韦大学孔子学院成立尼日利亚中国留学生校友会,2017-05-02,w
521,厦大文创中心与安溪县湖头镇签订 “建立K12音乐教育信息化改革实验基地” 及“中小学生艺术素质信息化测评研究” 项目合作协议,2017-04-30,s
522,2017年大中学生夏令营工作会议召开,2017-04-28,.
523,医学院教师马永慧在伦理学国际顶级期刊发表论文,2017-04-28,x
524,法学院学生党支部深入学习全国思想政治工作会议精神,2017-04-28,m
525,法学院学生党支部深入学习全国思想政治工作会议精神,2017-04-28,m
526,李无未教授被评为厦门市劳动模范,2017-04-28,h
527,铂基贵金属合金纳米晶的晶相调控研究取得新进展,2017-04-28,t
528,省政协调研组莅临我校开展石墨烯和锂电产业重点提案专题调研,2017-04-28,t
529,关于住宅区安全及道路交通秩序的温馨提示,2017-04-28,p
530,“新世纪以来台湾电影的新变化”学术研讨会在我校召开,2017-04-28,:
531,学校组织收看2017年全国和全省大学生征兵工作网络视频会议,2017-04-27,/
532,聆阅经典，书香校园——图书馆举办“世界读书日”系列活动,2017-04-27,/
533,马来西亚华校董事联合会总会客人来访,2017-04-27,n
534,水声通信与海洋信息技术教育部重点实验室（厦门大学）第一届学术委员会第七次会议顺利召开,2017-04-26,e
535,让书香沁满校园　翔安校区启动“书香校园”系列活动,2017-04-26,w
536,社会学学科建设与研究生教育高峰论坛在厦门大学召开,2017-04-26,s
537,“悦读书屋”赠书仪式暨“全民阅读进高校 惠民购书专场”活动举行,2017-04-25,.
538,学校召开2017年财务工作会议,2017-04-25,x
539,贯彻落实全国高校思想政治工作会议精神　品读经典著作 培育书香校园,2017-04-25,m
540,贯彻落实全国高校思想政治工作会议精神　品读经典著作 培育书香校园,2017-04-25,m
541,关于组织参观“遵义会议 永放光辉——行进中的遵义会议纪念馆主题展览”的通知,2017-04-25,h
542,纪念建军90周年　遵义会议纪念馆主题展览走进我校,2017-04-25,t
543,学校组织召开“一带一路”研究院建设专题会,2017-04-25,t
544,国家统计局副局长贾楠来校调研,2017-04-25,p
545,全国人大外事委员会副主任委员迟万春一行来校考察调研,2017-04-25,:
546,学校表彰青年教师教学技能比赛优胜者,2017-04-25,/
547,“社会主义改革与马克思主义本土化”国际学术研讨会在我校举办,2017-04-25,/
548,海峡两岸口译大赛（俄语）邀请赛暨首届中俄高校俄语口译邀请赛在我校举办,2017-04-25,n
549,96周年校庆第二届“姚明集团杯”校友乒乓球赛成功举办,2017-04-24,e
550,校庆环校跑顺利举行　近4000名师生参加,2017-04-24,w
551,文科资深教授邓子基荣获首届中国财政理论研究终身成就奖,2017-04-24,s
552,全国人大外事委员会副主任委员迟万春一行来校考察调研,2017-04-24,.
553,《光明日报》刊发《厦门大学法学院：脚踏实地办学 放眼世界育人》通讯,2017-04-24,x
554,《哥德巴赫猜想》走进福州 连演3场广受好评,2017-04-23,m
555,我校召开离休干部“畅谈十八大以来变化、展望十九大胜利召开”座谈会,2017-04-22,u
556,南强物业成功晋级一级资质物业服务企业,2017-04-21,h
557,滨海湿地生态系统教育部重点实验室（厦门大学）第三届学术委员会第一次会议召开,2017-04-21,t
558,我校赴马来西亚参加留学中国教育展,2017-04-21,t
559, 中-英-澳首届C3超分子化学论坛在我校举行,2017-04-21,p
560,2016年度全国十大考古新发现揭晓，厦大人占三席,2017-04-19,:
561,我校国家社科/教育部旧项目适用新办法宣讲会圆满结束,2017-04-19,/
562,中印尼青年互访交流游学活动团来访我校,2017-04-19,/
563,马克思主义学院与菏泽市委组织部签署合作共建协议,2017-04-19,n
564,2017届本科生毕业审查工作布置会顺利召开,2017-04-18,e
565,【天南地北厦大人】吴两同：为政以德，正己修身,2017-04-18,w
566,在模拟军事对抗中开展国家安全教育,2017-04-18,s
567,高雅艺术进厦大  中国歌剧舞剧院交响音乐会专场演出顺利举办,2017-04-18,.
568,经济学院两篇论文入选 《世界经济年鉴2016》“2015年十佳中文论文”,2017-04-18,x
569,法学院“青椒会”打造青年教职工多彩校园生活,2017-04-18,m
570,法学院“青椒会”打造青年教职工多彩校园生活,2017-04-18,m
571,翔安校区青年马克思主义者社团成立大会顺利召开,2017-04-17,h
572,【人才引进】考古学家高畅教授加盟我校,2017-04-17,t
573,校党委中心组（扩大）学习会召开,2017-04-17,t
574,德国特里尔市市长代表团访问我校,2017-04-16,p
575,我校召开2017年新增博士硕士学位授权点工作会,2017-04-15,:
576,新华社：土耳其总理府响起汉语读书声,2017-04-14,/
577,学校在探索中全面启动推送毕业生到国际组织实习任职工作,2017-04-14,/
578,深入学习贯彻全国高校思想政治工作会议精神　基层党支部带你正确认识“远大抱负和脚踏实地”,2017-04-14,n
579,福建医科大学领导来访我校,2017-04-14,e
580,中国农业银行客人来访我校,2017-04-14,w
581,教育部科技司、福建省教育厅领导来校调研能源与石墨烯创新平台,2017-04-14,s
582,校党委书记张彦到翔安校区调研思想政治工作,2017-04-14,.
583,校党委书记张彦到翔安校区调研思想政治工作,2017-04-14,.
584,校党委书记张彦到翔安校区调研思想政治工作,2017-04-14,.
585,校党委书记张彦到翔安校区调研思想政治工作,2017-04-14,.
586,中央党史研究室原副主任李忠杰教授做十八届六中全会精神辅导报告,2017-04-13,h
587,我校4人入选2016年度“长江学者奖励计划”,2017-04-12,t
588,深入学习贯彻全国高校思想政治工作会议精神　百名青年马克思主义者走圣地拾初心,2017-04-12,t
589,建校96周年系列学术活动之“2017中国厦门第三届全国纳米科技前沿论坛”圆满召开,2017-04-12,p
590,金砖国家海关工作组会议代表团来访我校,2017-04-12,:
591,庆祝建校96周年《哥德巴赫猜想》精彩上演,2017-04-11,/
592,96周年校庆“骏豪杯”第二届校友足球邀请赛圆满举行,2017-04-11,/
593,《科技日报》头版: 与青蒿素齐名的雷公藤红素或可治疗肥胖,2017-04-11,n
594,我校在全国高校“两学一做”支部风采展示活动中喜获佳绩,2017-04-11,e
595,首届“南强青年学者”论坛在我校举行,2017-04-11,w
596,数学科学学院思政工作室、“景润青年”党员服务站揭牌成立 ,2017-04-10,s
597,学校总结表彰2016年度本科生科创竞赛,2017-04-10,.
598,伊朗“伊斯法罕大学日”在我校圆满举办,2017-04-10,x
599,合唱交响乐《大学》演绎大学精神 ,2017-04-10,m
600,合唱交响乐《大学》演绎大学精神 ,2017-04-10,m
601,我校举行离退休教职工校庆游园活动,2017-04-10,h
602,管理学院教授游家兴在金融学国际顶级期刊RFS发表论文,2017-04-10,t
603,厦大药学院博士生发文Mol.Cell揭秘肥胖治疗新途径,2017-04-08,t
604,学校组织收看深化高等教育领域“放管服”改革电视电话会议,2017-04-07,p
605,厦门大学-宁夏隆德县对口帮扶暨经贸合作推介会举行,2017-04-07,:
606,1942级校友、九十四岁学长葛文勋捐设“葛文海、洪葛文杏”奖学金,2017-04-07,/
607,音乐舞蹈史诗《南强颂》献礼96周年校庆,2017-04-07,/
608,多方专家齐聚芙蓉湖畔，对话“科学•性别•健康•人生”,2017-04-07,n
609,庆祝建校96周年书画展开展,2017-04-07,e
610,厦大棒球队出征首届海峡两岸学生联赛三战全胜,2017-04-07,w
611,厦门大学金砖国家经贸合作论坛举行　引领开放型世界经济的新型合作,2017-04-06,s
612,2016-2017学年“漳州校友会励学金”颁发仪式举行,2017-04-05,.
613,扫描二维码　捐资助力学校发展,2017-04-03,x
614,厦门大学96周年校庆主要活动安排表,2017-04-02,m
615,“嘉庚”号科考船顺利回厦,2017-04-01,u
616,四“两”拨千斤——新闻传播学院深入学习贯彻落实全国高校思想政治工作会议精神,2017-04-01,h
617,校第一届本科生创新创业成果展开幕,2017-04-01,t
618,第九期“机关干部论坛”聚焦“双一流”建设,2017-03-31,t
619,我校数学科学学院Brauner教授荣获2016年度厦门市白鹭友谊奖,2017-03-31,p
620,我校举办2016-2017学年“兴业银行慈善助学金”颁发仪式,2017-03-31,:
621,“育人，遇自己”—大学生青年领导力论坛在我校举行,2017-03-31,/
622,深入学习贯彻全国高校思想政治工作会议精神　基层党支部带你正确认识“中国特色和国际比较”　,2017-03-31,/
623,中组部人才工作局局长孙学玉来校调研,2017-03-31,n
624,表面增强拉曼光谱方法学研究成果发表在Nature Communications,2017-03-30,e
625,校首届水上舟艇运动会圆满落幕,2017-03-30,w
626,《科技日报》头版：厦大原创抗癌新药获美FDA临床试验许可,2017-03-30,s
627,学校举行2016年度“吴宣恭科研奖学金”颁奖仪式,2017-03-29,.
628,科技部副部长徐南平到我校调研,2017-03-29,x
629,厦大学子荣获世界芭蕾舞比赛金奖,2017-03-29,m
630,厦大学子荣获世界芭蕾舞比赛金奖,2017-03-29,m
631,学习贯彻习近平总书记关于知识分子工作重要讲话精神座谈会召开,2017-03-27,h
632,我校2017年国家公派高级研究学者、访问学者、博士后项目录取率创新高,2017-03-27,t
633,深入学习贯彻全国高校思想政治工作会议精神　基层党支部带你正确认识“时代责任和历史使命”,2017-03-27,t
634,校党委传达学习全国和福建省“两会”精神,2017-03-27,p
635,张晓坤团队原创抗癌新药获美国FDA临床试验许可批件,2017-03-25,:
636,亚太首例！附属心血管病医院成功施行微创心室折叠减容术,2017-03-25,/
637,南海研究院院长傅崐成教授在荷兰讲南海问题,2017-03-25,/
638,我校入选首批省级高校大学生创新创业园,2017-03-24,n
639,我校获批建设“福建省分子影像诊疗工程技术研究中心”,2017-03-24,e
640,新华社报道我校共建孔院附属孔子课堂开展中文教学,2017-03-24,w
641,王克坚教授课题组在海洋动物抗菌肽研究取得的新突破,2017-03-23,s
642,学校进一步加强2017年研究生复试录取巡视督查工作,2017-03-23,.
643,IBM大中华区董事长陈黎明做客南强学术讲座,2017-03-23,x
644,校党委书记张彦为汉语国际推广南方基地汉语教师志愿者讲授专题课程,2017-03-22,m
645,校党委书记张彦为汉语国际推广南方基地汉语教师志愿者讲授专题课程,2017-03-22,m
646,我校新增7名享受国务院政府特殊津贴专家,2017-03-22,h
647,理工医学科相关学院专题研讨研究生思想政治工作,2017-03-22,t
648,我校“口腔医学”“舞蹈表演”两个专业获批新设,2017-03-22,t
649,我校学子在第八届全国大学生数学竞赛决赛中喜获佳绩,2017-03-21,p
650,百名学生骨干深入学习贯彻全国高校思想政治工作会议精神,2017-03-20,:
651,学习《普通高等学校学生党建工作标准》座谈会召开,2017-03-18,/
652,学校召开2017年度文科科研工作布置会,2017-03-17,n
653,生命科学学院打造“互联网+”思政育人新阵地,2017-03-17,e
654,国家教育行政学院第53期高校领导干部进修班来校调研,2017-03-17,w
655,人文社会科学相关学院专题研讨研究生思想政治工作,2017-03-17,s
656,在奉献中将爱国融入南强血脉——我校支教队项目获“礼敬中华优秀传统文化”特色展示项目奖,2017-03-17,.
657,保卫处与大学路派出所在3.15权益日联合举行防诈骗宣传活动,2017-03-16,x
658,厦门大学促进组织损伤修复和再生小分子药物成功转让,2017-03-16,m
659,信息学院师生论文获CVPR 2017录用,2017-03-16,u
660,“两会”闭幕　我校师生热议全国“两会”教育话题,2017-03-15,h
661,深入学习贯彻全国高校思政工作会议精神　基层党支部带你正确认识“世界和中国发展大势”,2017-03-15,t
662,学校举行《哥德巴赫猜想》2017启动仪式,2017-03-14,t
663,台湾海洋大学张清风校长来访我校,2017-03-13,p
664,我校多场专场招聘会顺利举办,2017-03-13,:
665,中央第三巡视组专项巡视厦门大学党委工作动员会召开,2017-03-10,/
666,校长朱崇实会见美国AIAA副主席Vigor Yang院士,2017-03-10,/
667,学校召开2017年研究生复试录取工作会议,2017-03-10,n
668,【感动同辈】沈培鑫：人生如海，直挂云帆,2017-03-10,e
669,中央编办行政体制改革司司长郭沛来校调研,2017-03-10,w
670,厦大学子在“UA创作奖概念设计国际竞赛”中喜创佳绩,2017-03-09,s
671,我校开展研究生导师指导能力提升培训工作,2017-03-09,.
672,快来一起看“嘉庚“号科考船回厦直播视频,2017-03-09,x
673,学校举行“3•5学雷锋纪念日”活动,2017-03-08,m
674,K12音乐教育信息化改革专家高峰研讨会在我校召开,2017-03-08,u
675,学校举行纪念“三八”国际劳动妇女节座谈会暨 “寻找最美家庭”活动启动仪式,2017-03-07,h
676,细胞应激生物学国家重点实验室在《Nature Communications》连续发表3篇论文,2017-03-07,t
677,翔安校区学院团委与翔安区社区共建合作启动仪式暨志愿服务活动圆满举行,2017-03-07,t
678,2017年厦门大学“毕马威杯”管理案例分析全国十强邀请赛圆满落幕,2017-03-06,p
679,学校召开本学期学位与研究生教育工作会议,2017-03-06,:
680,研究生院召开研究生教育指导小组座谈会,2017-03-06,/
681,厦门大学师生热切关注全国“两会”胜利召开,2017-03-05,/
682,学生工作会：认真学习贯彻落实全国高校思想政治工作会议精神,2017-03-04,n
683,宁夏扶贫办党组书记梁积裕来访,2017-03-03,e
684,物理学院本科生在美国物理学会期刊《Physical Review A》发表学术论文,2017-03-03,w
685,校纪委召开基层党委（党总支）纪检委员专题会议,2017-03-03,s
686,爱无疆，让教育更有温度——学生工作干部寒假上门家访江西困难学生,2017-03-02,.
687,【人才引进】校领导率团赴英国、爱尔兰招揽人才并访问合作高校,2017-03-02,x
688,科技部农村司副司长蒋丹平来校调研,2017-03-02,m
689,科技部农村司副司长蒋丹平来校调研,2017-03-02,m
690,【人才引进】各学院人才招聘活动剪影,2017-03-02,h
691,中科院大连化学物理研究所张玉奎院士做客南强讲座,2017-03-01,t
692,中科院院士、中科院化学所朱道本院士做客南强讲座,2017-03-01,t
693, 诺奖得主助力生命科学拔尖人才培养,2017-03-01,p
694,我校教师钱陈翔被聘为福建省文联主管主办《艺品》期刊主编,2017-03-01,:
695,化学化工学院召开发展战略专家咨询座谈会,2017-03-01,/
696,田中群院士荣获“美国化学会2017年光谱化学分析奖”,2017-03-01,/
697,研究生院召开台港澳研究生座谈会,2017-02-28,n
698,学校召开2016年本科评估反馈暨2017年春季学期教学工作会,2017-02-28,e
699,校级领导班子和领导人员2016年度考核会举行,2017-02-27,w
700,《哥德巴赫猜想》 2017年演职人员招募,2017-02-27,s
701,《哥德巴赫猜想》 2017年演职人员招募,2017-02-27,s
702,《哥德巴赫猜想》 2017年演职人员招募,2017-02-27,s
703,《哥德巴赫猜想》 2017年演职人员招募,2017-02-27,s
704,《哥德巴赫猜想》 2017年演职人员招募,2017-02-27,s
705,国家语委副主任、教育部语用司司长姚喜双一行到我校调研语言文字工作,2017-02-24,h
706,医学院卜国军和陈小芬课题组揭示AD风险基因TREM2的新机制,2017-02-24,t
707,经济学科青年教师蔡熙乾又一论文被国际顶级期刊接受,2017-02-24,t
708,关于厦门大学白城校门施工封闭改道的公告,2017-02-23,p
709,我校曾五一教授被聘为国家统计专家咨询委员会委员,2017-02-23,:
710,【人才引进】长江学者特聘教授朱菁加盟我校,2017-02-23,/
711,我校在京发布报告：稳定民营企业家信心，提振民间投资增速,2017-02-23,/
712,英国卡迪夫大学与厦门大学艺术学院联合交响音乐会成功举办,2017-02-23,n
713,研究生院开展新学期教学检查确保教学工作平稳有序,2017-02-22,e
714,校离退休工作部（处）被评为“全省老干部工作先进集体”,2017-02-22,w
715, 教育部《高校智库专刊》刊登张羽教授的研究咨询报告,2017-02-22,s
716,2017年自然指数出炉　厦大名列内地高校第九,2017-02-21,.
717,2017年博士后科学基金申报培训会顺利举行,2017-02-21,x
718,我校入选“全国首批深化创新创业教育改革示范高校”,2017-02-17,h
719,校党委全委会审议今年工作计划,2017-02-17,t
720,平安校园建设，厦大获5A等级,2017-02-15,t
721,英国外交部亚太事务国务大臣沙马率团访校,2017-02-15,p
722,沈培鑫张家远获2016年度“中国大学生自强之星”荣誉称号,2017-02-14,:
723,萨本栋微纳院开发洁净实验室节能运行模式,2017-02-14,/
724,​新学期智慧教室系列培训活动拉开序幕,2017-02-13,/
725,韩家淮教授课题组揭示ROS促进程序性细胞坏死的分子机制,2017-02-13,n
726,校领导慰问演武场在建工地一线人员,2017-02-11,e
727,《星洲日报》:中国驻马大使黄惠康高度评价我校马来西亚分校,2017-02-10,w
728,学校开展新学期安全卫生大检查,2017-02-10,s
729,《人民日报》学术版刊载我校陈安教授理论文章,2017-02-10,.
730,【央视网】足迹2016 习近平和我们在一起,2017-02-01,x
731,因为坚守，厦大校园更美,2017-01-28,m
732,【新华社】习近平最牵挂的人是谁？,2017-01-28,u
733,学校慰问春节在岗人员,2017-01-28,h
734,学校慰问寒假留校学生及保卫、后勤员工,2017-01-27,t
735,学校开展寒假值班和安全工作检查,2017-01-27,t
736,厦门市领导慰问我校院士,2017-01-25,p
737,图说厦大2016,2017-01-24,:
738,药学院外专千人Dieter Wolf分别参加李克强总理和于伟国省长主持的两场新春座谈会,2017-01-23,/
739,学校开展鸡年春节走访慰问活动,2017-01-23,/
740,后勤集团召开2016年度职代会暨总结大会,2017-01-22,n
741,医学院卜国军和郑红花课题组揭示阿尔茨海默病最新风险因子TREM2调控小胶质细胞的存活机制,2017-01-19,e
742,附属中山医院微生态研究成果发表于肝病领域顶级期刊《Hepatology》,2017-01-19,w
743,学校总结表彰2016年度学生工作,2017-01-19,s
744,首批马来西亚分校中医学专业学生圆满完成在华课程,2017-01-19,.
745,化学化工学院承办国家杰出青年科学基金资助项目结题审查会议,2017-01-19,x
746,2016年第四季度海西金融、旅游、消费信心指数正式发布,2017-01-19,m
747,学校召开纪委会传达十八届中央纪委第七次全会精神,2017-01-18,u
748,后勤集团2016年度企业文化建设年“感动在后勤”颁奖暨职工联欢会圆满举行,2017-01-18,h
749,我校李庆阁教授团队成果报道入选2016年度中国十大医学科技新闻,2017-01-18,t
750,近海海洋环境科学国家重点实验室第三届学术委员会第一次会议召开,2017-01-17,t
751,第三届厦门海洋环境开放科学大会在我校举办,2017-01-17,p
752,福建省本科高校保卫处长联席会议在我校举行,2017-01-16,:
753,【人才引进】多位青年拔尖人才加盟我校,2017-01-16,/
754,二维码背后的“玄机”——经济学院、王亚南经济研究院再出新招，助力学生诚信应考,2017-01-16,/
755,学校召开基层党委（党总支）书记抓基层党建述职评议大会,2017-01-13,n
756,2016中国人文社会科学十大学术热点发布,2017-01-13,e
757,【感动同辈】史依蒙：走最好的自己，不负疚于生活,2017-01-13,w
758,我校又一研究生国际合作培养项目获准基金委立项,2017-01-13,s
759,2016年度国家科学技术奖励大会举行　我校三项成果获奖,2017-01-13,.
760,院长恳谈会畅谈厦门大学与“一带一路”战略,2017-01-12,x
761,5个项目获厦门大学首届学院校园文化建设优秀成果一等奖,2017-01-12,m
762,【人才引进】海洋环境科学青年学者论坛成功举办,2017-01-12,u
763,学校面向2016年新任职领导干部进行集体廉政谈话,2017-01-12,h
764,学校召开2017毕业生就业创业工作会,2017-01-12,t
765,厦门大学孙中山先生铜像捐赠仪式举行,2017-01-12,t
766,《厦门大学年鉴2017》编纂工作启动,2017-01-12,p
767,北京大学-厦门大学分析化学双边交流研讨会成功举办,2017-01-12,:
768,我校召开离退休工作会议,2017-01-12,/
769,《人民日报》“出彩90后”报道我校法学院学生范天成,2017-01-11,/
770,校领导会见马来西亚槟城厦门友好协会代表团,2017-01-11,n
771,我校“大学新生•2016”讲坛顺利开讲,2017-01-11,e
772,团省委副书记杨溢来我校调研,2017-01-11,w
773,省委宣传部副部长徐姗娜来校调研校园网络文化建设工作,2017-01-11,s
774,校党委中心组（扩大）学习会召开,2017-01-10,.
775,学校贯彻落实全国高校思想政治工作会议精神专题研讨会召开,2017-01-10,x
776,石墨烯专家Rodney S. Ruoff教授做客南强讲座,2017-01-10,m
777,厦门大学厦门校友会中文分会成立暨“鼓浪高峰论坛”隆重举行　众多文学“大咖”回家,2017-01-10,u
778,2016年度 “芙蓉基金﹒科创之星”奖学金颁奖仪式举行,2017-01-10,h
779,十届校党委第十二次全体会议召开,2017-01-10,t
780, 校工会召开工会委员扩大会暨2016年工会总结会,2017-01-09,t
781,思政课这道“菜” 厦大如此炮制,2017-01-09,p
782,教育部安全生产大检查督查组来校检查工作,2017-01-09,:
783,“厦门大学—海沧青礁院前社乡村营建校外实践教育基地”揭牌成立,2017-01-09,/
784,我校连续第三年荣膺“教育政务新媒体综合力十强”,2017-01-06,/
785,“界面电化学”国家基金委创新研究群体再次获延续资助,2017-01-06,n
786,我校国家工程技术研究中心获评优秀国际科技合作基地,2017-01-06,e
787,省级文明学校考评组来校实地考评,2017-01-06,w
788,我校召开“大数据与高等教育研究论坛”,2017-01-05,s
789,2016年度教育部哲学社会科学研究重大课题攻关项目《高校人才培养质量保障体系研究》顺利开题,2017-01-05,.
790,《东南亚地区发展报告》发布会在北京举行,2017-01-05,x
791,贺岁话剧《守岁》在我校温情上演,2017-01-05,m
792,我校两个学生团支部获评2016年全国高校“活力团支部”,2017-01-04,u
793,我校学子在全国大学生金融创意设计大赛中荣获佳绩,2017-01-04,h
794,翔安校区师生喜迎2017年新年,2017-01-03,t
795,厦门大学厦门校友会化学化工分会成立,2017-01-02,t
796,“青春之夜”——师生跨年欢聚共迎2017,2017-01-02,p
